Tag,Description
Blockchain,Related to blockchain technology
Crypto,General cryptocurrency-related content
News,News and updates
Blog,Blog posts and articles
Research,Research-related content
Academic,Academic papers and research
Portal,Online portals
Social Media,Content from social media platforms
Analyst,Analysis and commentary
Twitter,Content from Twitter
Project Documentation,Documentation for specific projects
Media House,Content from media houses
Development,Development-related content
Open Source,Open source projects and repositories
GitHub,Content from GitHub
Podcast,Podcast episodes
YouTube,YouTube videos
Education,Educational content
Technology,Technology-related content
Finance,Finance-related content
Bitcoin,Related to Bitcoin
zkSync,Related to zkSync
Memecoin,Related to memecoins
DeFi,Decentralized Finance
Aave,Related to Aave
